{
	"partitions" : [
		{
			"name" : "Top",
			"pins" : [
				{
					"name" : "display[0]",
					"strict" : false
				},
				{
					"name" : "display[1]",
					"strict" : false
				},
				{
					"name" : "display[2]",
					"strict" : false
				},
				{
					"name" : "display[3]",
					"strict" : false
				},
				{
					"name" : "display[4]",
					"strict" : false
				},
				{
					"name" : "display[5]",
					"strict" : false
				},
				{
					"name" : "display[6]",
					"strict" : false
				},
				{
					"name" : "display[7]",
					"strict" : false
				},
				{
					"name" : "display[8]",
					"strict" : false
				},
				{
					"name" : "display[9]",
					"strict" : false
				},
				{
					"name" : "display[10]",
					"strict" : false
				},
				{
					"name" : "display[11]",
					"strict" : false
				},
				{
					"name" : "display[12]",
					"strict" : false
				},
				{
					"name" : "display[13]",
					"strict" : false
				},
				{
					"name" : "display[14]",
					"strict" : false
				},
				{
					"name" : "display[15]",
					"strict" : false
				},
				{
					"name" : "display[16]",
					"strict" : false
				},
				{
					"name" : "display[17]",
					"strict" : false
				},
				{
					"name" : "display[18]",
					"strict" : false
				},
				{
					"name" : "display[19]",
					"strict" : false
				},
				{
					"name" : "display[20]",
					"strict" : false
				},
				{
					"name" : "display[21]",
					"strict" : false
				},
				{
					"name" : "display[22]",
					"strict" : false
				},
				{
					"name" : "display[23]",
					"strict" : false
				},
				{
					"name" : "display[24]",
					"strict" : false
				},
				{
					"name" : "display[25]",
					"strict" : false
				},
				{
					"name" : "display[26]",
					"strict" : false
				},
				{
					"name" : "display[27]",
					"strict" : false
				},
				{
					"name" : "display[28]",
					"strict" : false
				},
				{
					"name" : "display[29]",
					"strict" : false
				},
				{
					"name" : "display[30]",
					"strict" : false
				},
				{
					"name" : "display[31]",
					"strict" : false
				},
				{
					"name" : "display[32]",
					"strict" : false
				},
				{
					"name" : "display[33]",
					"strict" : false
				},
				{
					"name" : "display[34]",
					"strict" : false
				},
				{
					"name" : "display[35]",
					"strict" : false
				},
				{
					"name" : "display[37]",
					"strict" : false
				},
				{
					"name" : "display[38]",
					"strict" : false
				},
				{
					"name" : "display[39]",
					"strict" : false
				},
				{
					"name" : "display[40]",
					"strict" : false
				},
				{
					"name" : "display[41]",
					"strict" : false
				},
				{
					"name" : "act[0]",
					"strict" : false
				},
				{
					"name" : "act[1]",
					"strict" : false
				},
				{
					"name" : "key1",
					"strict" : false
				},
				{
					"name" : "key3",
					"strict" : false
				},
				{
					"name" : "key2",
					"strict" : false
				},
				{
					"name" : "reset",
					"strict" : false
				},
				{
					"name" : "switch1",
					"strict" : false
				},
				{
					"name" : "switch2",
					"strict" : false
				},
				{
					"name" : "switch0",
					"strict" : false
				},
				{
					"name" : "clock",
					"strict" : false
				}
			]
		}
	]
}