{
	"partitions" : [
		{
			"name" : "Top",
			"pins" : [
				{
					"name" : "display[7]",
					"strict" : false
				},
				{
					"name" : "display[8]",
					"strict" : false
				},
				{
					"name" : "display[9]",
					"strict" : false
				},
				{
					"name" : "display[10]",
					"strict" : false
				},
				{
					"name" : "display[11]",
					"strict" : false
				},
				{
					"name" : "display[12]",
					"strict" : false
				},
				{
					"name" : "display[13]",
					"strict" : false
				},
				{
					"name" : "display[14]",
					"strict" : false
				},
				{
					"name" : "display[15]",
					"strict" : false
				},
				{
					"name" : "display[16]",
					"strict" : false
				},
				{
					"name" : "display[17]",
					"strict" : false
				},
				{
					"name" : "display[18]",
					"strict" : false
				},
				{
					"name" : "display[19]",
					"strict" : false
				},
				{
					"name" : "display[20]",
					"strict" : false
				},
				{
					"name" : "display[21]",
					"strict" : false
				},
				{
					"name" : "display[22]",
					"strict" : false
				},
				{
					"name" : "display[23]",
					"strict" : false
				},
				{
					"name" : "display[24]",
					"strict" : false
				},
				{
					"name" : "display[25]",
					"strict" : false
				},
				{
					"name" : "display[26]",
					"strict" : false
				},
				{
					"name" : "display[27]",
					"strict" : false
				},
				{
					"name" : "data",
					"strict" : false
				},
				{
					"name" : "clock",
					"strict" : false
				}
			]
		}
	]
}